{"cameraMode":{"drawMode":0,"name":"Shaded","section":"Shading Mode"},"sceneLighting":true,"audioPlay":false,"sceneViewState":{"m_AlwaysRefresh":false,"showFog":true,"showSkybox":true,"showFlares":true,"showImageEffects":true,"showParticleSystems":true,"showVisualEffectGraphs":true,"m_FxEnabled":true},"in2DMode":false,"pivot":{"x":-0.20508120954036714,"y":0.5756081938743591,"z":-0.7915913462638855},"rotation":{"x":-0.02758525311946869,"y":0.970373809337616,"z":0.13476821780204774,"w":0.1986227184534073},"size":1.7312599420547486,"orthographic":true}